<ImportExportXml xmlns:xsi="http://www.w3.org/2001/XMLSchema-instance">
  <Entities></Entities>
  <Roles></Roles>
  <Workflows>
    <Workflow WorkflowId="{999eeb8b-74ef-49c6-a2b9-6762d9fd7f9f}" Name="to download results from schoology">
      <JsonFileName>/Workflows/todownloadresultsfromschoology-999EEB8B-74EF-49C6-A2B9-6762D9FD7F9F.json</JsonFileName>
      <Type>1</Type>
      <Subprocess>0</Subprocess>
      <Category>6</Category>
      <Mode>0</Mode>
      <Scope>4</Scope>
      <OnDemand>0</OnDemand>
      <TriggerOnCreate>0</TriggerOnCreate>
      <TriggerOnDelete>0</TriggerOnDelete>
      <AsyncAutodelete>0</AsyncAutodelete>
      <SyncWorkflowLogOnFailure>0</SyncWorkflowLogOnFailure>
      <StateCode>1</StateCode>
      <StatusCode>2</StatusCode>
      <RunAs>1</RunAs>
      <IsTransacted>1</IsTransacted>
      <IntroducedVersion>1.0</IntroducedVersion>
      <IsCustomizable>1</IsCustomizable>
      <BusinessProcessType>0</BusinessProcessType>
      <UIFlowType>2</UIFlowType>
      <IsCustomProcessingStepAllowedForOtherPublishers>1</IsCustomProcessingStepAllowedForOtherPublishers>
      <Metadata>{"isvalid":true,"schemaVersion":"ROBIN_20211012","containsActiveConnections":false}</Metadata>
      <Inputs>{"schema":{"properties":{"UserName":{"default":"","description":"","format":"password","title":"UserName","type":"string","value":null},"Password":{"default":"","description":"","format":"password","title":"Password","type":"string","value":null},"SubjectName":{"default":"","description":"","format":null,"title":"SubjectName","type":"string","value":"Math"}},"type":"object"}}</Inputs>
      <Outputs>{"schema":null}</Outputs>
      <Dependencies>{"childFlows":[]}</Dependencies>
      <ConnectionReferences>[]</ConnectionReferences>
      <Definition>"@@ConnectionString: ''\r\n@@Type: 'Local'\r\n@@DesktopType: 'local'\r\n@@DisplayName: 'Local computer'\r\nIMPORT 'controlRepo.appmask' AS appmask\r\nIMPORT 'imageRepo.imgrepo' AS imgrepo\r\n@SENSITIVE: [UserName, Password]\r\n@INPUT UserName : { 'Description': '', 'FriendlyName': 'UserName', 'DefaultValue': 'sitaraqalander@gmail.com', 'Type': 'String' } \r\n@INPUT Password : { 'Description': '', 'FriendlyName': 'Password', 'DefaultValue': 'xZaULp2TpH', 'Type': 'String' } \r\n@INPUT SubjectName : { 'Description': '', 'FriendlyName': 'SubjectName', 'DefaultValue': 'Math', 'Type': 'String' } \r\nCALL 'login to schoology'\r\nCALL 'Search for grade subject and section'\r\nWAIT 2\r\nCALL 'Data Extract and Loop Over Data'\r\nFUNCTION 'Home page to course listings page' GLOBAL\r\n    # Start of autogenerated actions using the recorder\r\n    @@source: 'Recorder'\r\nWebAutomation.LaunchChrome.AttachToChromeByUrl TabUrl: 'https://app.schoology.com/home' AttachTimeout: 10 BrowserInstance=&gt; Browser\r\n    @@source: 'Recorder'\r\nWebAutomation.Click.Click BrowserInstance: Browser Control: appmask['Schoology HomePage']['To Open Courses'] ClickType: WebAutomation.ClickType.LeftClick MouseClick: True\r\n    @@source: 'Recorder'\r\nWebAutomation.Click.Click BrowserInstance: Browser Control: appmask['Schoology HomePage']['To Open My Courses'] ClickType: WebAutomation.ClickType.LeftClick MouseClick: True\r\n    @@source: 'Recorder'\r\nWebAutomation.Click.Click BrowserInstance: Browser Control: appmask['My Course List Page']['To Open List Of Courses'] ClickType: WebAutomation.ClickType.LeftClick MouseClick: True\r\n    # End of autogenerated actions using the recorder\r\nEND FUNCTION\r\nFUNCTION 'login to schoology' GLOBAL\r\n    WebAutomation.LaunchChrome.LaunchChrome Url: $'''https://app.schoology.com/login''' WindowState: WebAutomation.BrowserWindowState.Maximized ClearCache: False ClearCookies: False WaitForPageToLoadTimeout: 60 Timeout: 60 BrowserInstance=&gt; Browser\r\n    IF (WebAutomation.IfWebPageContains.WebPageContainsElement BrowserInstance: Browser Control: appmask['information of login page']['Div \\'All fields are required\\'']) THEN\r\n        WebAutomation.PopulateTextField.PopulateTextFieldUsePhysicalKeyboard BrowserInstance: Browser Control: appmask['information of login page']['Input username'] Text: UserName Mode: WebAutomation.PopulateTextMode.Replace UnfocusAfterPopulate: True WaitForPageToLoadTimeout: 60\r\n        WebAutomation.PopulateTextField.PopulateTextFieldUsePhysicalKeyboard BrowserInstance: Browser Control: appmask['information of login page']['Input password '] Text: Password Mode: WebAutomation.PopulateTextMode.Replace UnfocusAfterPopulate: True WaitForPageToLoadTimeout: 60\r\n        WebAutomation.PressButton.PressButton BrowserInstance: Browser Control: appmask['information of login page']['Input submit \\'Log in\\''] WaitForPageToLoadTimeout: 60\r\n        CALL 'Home page to course listings page'\r\n    ELSE\r\n        CALL 'Home page to course listings page'\r\n    END\r\nEND FUNCTION\r\nFUNCTION 'Search for grade subject and section' GLOBAL\r\n    WebAutomation.Click.Click BrowserInstance: Browser Control: appmask['Web Page \\'https://app.schoology.com/courses#/?_k=srt35e\\'']['Select Subject'] ClickType: WebAutomation.ClickType.LeftClick MouseClick: True WaitForPageToLoadTimeout: 60 MousePositionRelativeToElement: WebAutomation.RectangleEdgePoint.MiddleCenter OffsetX: 0 OffsetY: 0\r\n    WebAutomation.ExtractData.ExtractList BrowserInstance: Browser Control: $'''html &gt; body &gt; div:eq(2) &gt; div:eq(2) &gt; div:eq(0) &gt; div:eq(1) &gt; div &gt; div &gt; div:eq(3) &gt; div &gt; div:eq(1) &gt; div &gt; div:eq(1) &gt; div &gt; form &gt; div &gt; div:eq(6) &gt; div:eq(1) &gt; div &gt; div &gt; div:eq(1) &gt; div &gt; div''' ExtractionParameters: {[$'''''', $'''Own Text''', $''''''] } PostProcessData: False TimeoutInSeconds: 60 ExtractedData=&gt; SubjectList\r\n    LOOP FOREACH CurrentItem3 IN SubjectList\r\n        WebAutomation.Click.Click BrowserInstance: Browser Control: appmask['Web Page \\'https://app.schoology.com/courses#/?_k=srt35e\\'']['SubjectValue'] ClickType: WebAutomation.ClickType.LeftClick MouseClick: True WaitForPageToLoadTimeout: 60 MousePositionRelativeToElement: WebAutomation.RectangleEdgePoint.MiddleCenter OffsetX: 0 OffsetY: 0\r\n    END\r\n    WebAutomation.Click.Click BrowserInstance: Browser Control: appmask['Web Page \\'https://app.schoology.com/courses#/?_k=srt35e\\'']['Select Grade'] ClickType: WebAutomation.ClickType.LeftClick MouseClick: True WaitForPageToLoadTimeout: 60 MousePositionRelativeToElement: WebAutomation.RectangleEdgePoint.MiddleCenter OffsetX: 0 OffsetY: 0\r\n    WebAutomation.ExtractData.ExtractList BrowserInstance: Browser Control: $'''html &gt; body &gt; div:eq(2) &gt; div:eq(2) &gt; div:eq(0) &gt; div:eq(1) &gt; div &gt; div &gt; div:eq(3) &gt; div &gt; div:eq(1) &gt; div &gt; div:eq(1) &gt; div &gt; form &gt; div &gt; div:eq(7) &gt; div:eq(1) &gt; div &gt; div &gt; div:eq(1) &gt; div &gt; div''' ExtractionParameters: {[$'''''', $'''Own Text''', $''''''] } PostProcessData: False TimeoutInSeconds: 60 ExtractedData=&gt; GradeList\r\n    LOOP FOREACH CurrentItem4 IN GradeList\r\n        WebAutomation.Click.Click BrowserInstance: Browser Control: appmask['Web Page \\'https://app.schoology.com/courses#/?_k=srt35e\\'']['GradeValue'] ClickType: WebAutomation.ClickType.LeftClick MouseClick: True WaitForPageToLoadTimeout: 60 MousePositionRelativeToElement: WebAutomation.RectangleEdgePoint.MiddleCenter OffsetX: 0 OffsetY: 0\r\n    END\r\nEND FUNCTION\r\nFUNCTION 'Data Extract and Loop Over Data' GLOBAL\r\n    WebAutomation.ExtractData.ExtractList BrowserInstance: Browser Control: $'''html &gt; body &gt; div:eq(2) &gt; div:eq(2) &gt; div:eq(0) &gt; div:eq(1) &gt; div &gt; div &gt; div:eq(2) &gt; div &gt; div:eq(0) &gt; div &gt; div &gt; div &gt; div &gt; ul &gt; li''' ExtractionParameters: {[$'''div:eq(0) &gt; a''', $'''Own Text''', $''''''] } PostProcessData: False TimeoutInSeconds: 60 ExtractedData=&gt; SearchedData\r\n    LOOP FOREACH CurrentItem IN SearchedData\r\n        WebAutomation.Click.Click BrowserInstance: Browser Control: appmask['Web Page \\'h ... ?_k=t9xfvy\\'']['Anchor \\'Math 1st: Lekhram\\''] ClickType: WebAutomation.ClickType.LeftClick MouseClick: True WaitForPageToLoadTimeout: 60 MousePositionRelativeToElement: WebAutomation.RectangleEdgePoint.MiddleCenter OffsetX: 0 OffsetY: 0\r\n        IF (WebAutomation.IfWebPageContains.WebPageContainsElement BrowserInstance: Browser Control: appmask['Web Page \\'h ... /materials\\'']['Span \\'All Materials\\'']) THEN\r\n            WebAutomation.Click.Click BrowserInstance: Browser Control: appmask['Web Page \\'h ... /materials\\'']['Span \\'All Materials\\''] ClickType: WebAutomation.ClickType.LeftClick MouseClick: True WaitForPageToLoadTimeout: 60 MousePositionRelativeToElement: WebAutomation.RectangleEdgePoint.MiddleCenter OffsetX: 0 OffsetY: 0\r\n            WebAutomation.Click.Click BrowserInstance: Browser Control: appmask['Web Page \\'h ... /materials\\'']['Anchor \\'Tests/Quizzes\\''] ClickType: WebAutomation.ClickType.LeftClick MouseClick: True WaitForPageToLoadTimeout: 60 MousePositionRelativeToElement: WebAutomation.RectangleEdgePoint.MiddleCenter OffsetX: 0 OffsetY: 0\r\n            IF (WebAutomation.IfWebPageContains.WebPageContainsElement BrowserInstance: Browser Control: appmask['Web Page \\'h ... ssessments\\'']['Anchor \\'Chapter 1\\' 2']) THEN\r\n                CALL 'To Find Due Date Of Results'\r\n            ELSE\r\n                WebAutomation.GoToWebPage.NavigateBack BrowserInstance: Browser WaitForPageToLoadTimeout: 60\r\n                WebAutomation.GoToWebPage.NavigateBack BrowserInstance: Browser WaitForPageToLoadTimeout: 60\r\n            END\r\n        ELSE\r\n            WebAutomation.GoToWebPage.NavigateBack BrowserInstance: Browser WaitForPageToLoadTimeout: 60\r\n        END\r\n    END\r\nEND FUNCTION\r\nFUNCTION 'Loop Iterates Through Results' GLOBAL\r\nEND FUNCTION\r\nFUNCTION 'To Find Due Date Of Results' GLOBAL\r\n    WebAutomation.ExtractData.ExtractList BrowserInstance: Browser Control: $'''html &gt; body &gt; div:eq(2) &gt; div:eq(2) &gt; div:eq(0) &gt; div:eq(1) &gt; div:eq(1) &gt; div &gt; div:eq(1) &gt; div &gt; div:eq(0) &gt; div &gt; div &gt; div:eq(1) &gt; div &gt; div''' ExtractionParameters: {[$'''div &gt; div:eq(2) &gt; div:eq(1) &gt; div &gt; span:eq(2)''', $'''Own Text''', $''''''] } PostProcessData: False TimeoutInSeconds: 60 ExtractedData=&gt; DueDateList\r\n    LOOP FOREACH CurrentItem2 IN DueDateList\r\n        Text.CropText.CropTextAfterFlag Text: CurrentItem2 FromFlag: $'''day,''' IgnoreCase: False CroppedText=&gt; CroppedText IsFlagFound=&gt; IsFlagFound\r\n        IF Contains(CroppedText, $'''at''', False) THEN\r\n            Text.CropText.CropTextBeforeFlag Text: CroppedText ToFlag: $'''at''' IgnoreCase: False CroppedText=&gt; CroppedText2 IsFlagFound=&gt; IsFlagFound2\r\n            Text.ConvertTextToDateTime.ToDateTime Text: CroppedText2 DateTime=&gt; TextAsDateTime\r\n            DateTime.Add DateTime: TextAsDateTime TimeToAdd: 24 TimeUnit: DateTime.TimeUnit.Hours ResultedDate=&gt; ResultedDate\r\n            DateTime.GetCurrentDateTime.Local DateTimeFormat: DateTime.DateTimeFormat.DateOnly CurrentDateTime=&gt; CurrentDateTime\r\n            IF CurrentDateTime = ResultedDate THEN\r\n                CALL 'Result To Download Box'\r\n            END\r\n        ELSE\r\n            Text.ConvertTextToDateTime.ToDateTime Text: CroppedText DateTime=&gt; TextAsDateTime\r\n            DateTime.Add DateTime: TextAsDateTime TimeToAdd: 24 TimeUnit: DateTime.TimeUnit.Hours ResultedDate=&gt; ResultedDate\r\n            DateTime.GetCurrentDateTime.Local DateTimeFormat: DateTime.DateTimeFormat.DateOnly CurrentDateTime=&gt; CurrentDateTime2\r\n            IF CurrentDateTime2 = ResultedDate THEN\r\n                CALL 'Result To Download Box'\r\n            END\r\n        END\r\n    END\r\nEND FUNCTION\r\nFUNCTION 'Result To Download Box' GLOBAL\r\n    WebAutomation.Click.Click BrowserInstance: Browser Control: appmask['Web Page \\'h ... ssessments\\'']['Anchor \\'Chapter 1\\''] ClickType: WebAutomation.ClickType.LeftClick MouseClick: True WaitForPageToLoadTimeout: 60 MousePositionRelativeToElement: WebAutomation.RectangleEdgePoint.MiddleCenter OffsetX: 0 OffsetY: 0\r\n    WebAutomation.Click.Click BrowserInstance: Browser Control: appmask['Web Page \\'h ... nt_results\\'']['Span \\'Click to toggle options.\\''] ClickType: WebAutomation.ClickType.LeftClick MouseClick: True WaitForPageToLoadTimeout: 60 MousePositionRelativeToElement: WebAutomation.RectangleEdgePoint.MiddleCenter OffsetX: 0 OffsetY: 0\r\n    WebAutomation.Click.Click BrowserInstance: Browser Control: appmask['Web Page \\'h ... nt_results\\'']['Anchor \\'Export Stats\\''] ClickType: WebAutomation.ClickType.LeftClick MouseClick: True WaitForPageToLoadTimeout: 60 MousePositionRelativeToElement: WebAutomation.RectangleEdgePoint.MiddleCenter OffsetX: 0 OffsetY: 0\r\n    WebAutomation.Click.Click BrowserInstance: Browser Control: appmask['Web Page \\'h ... nt_results\\'']['Span \\'Select All\\''] ClickType: WebAutomation.ClickType.LeftClick MouseClick: True WaitForPageToLoadTimeout: 60 MousePositionRelativeToElement: WebAutomation.RectangleEdgePoint.MiddleCenter OffsetX: 0 OffsetY: 0\r\n    WebAutomation.Click.Click BrowserInstance: Browser Control: appmask['Web Page \\'h ... nt_results\\'']['Input submit \\'Next\\''] ClickType: WebAutomation.ClickType.LeftClick MouseClick: True WaitForPageToLoadTimeout: 60 MousePositionRelativeToElement: WebAutomation.RectangleEdgePoint.MiddleCenter OffsetX: 0 OffsetY: 0\r\n    WebAutomation.Click.Click BrowserInstance: Browser Control: appmask['Web Page \\'h ... nt_results\\'']['Input checkbox \\'export_submission_summary\\''] ClickType: WebAutomation.ClickType.LeftClick MouseClick: True WaitForPageToLoadTimeout: 60 MousePositionRelativeToElement: WebAutomation.RectangleEdgePoint.MiddleCenter OffsetX: 0 OffsetY: 0\r\n    WebAutomation.Click.Click BrowserInstance: Browser Control: appmask['Web Page \\'h ... nt_results\\'']['Input checkbox \\'export_questions[export_questions]\\''] ClickType: WebAutomation.ClickType.LeftClick MouseClick: True WaitForPageToLoadTimeout: 60 MousePositionRelativeToElement: WebAutomation.RectangleEdgePoint.MiddleCenter OffsetX: 0 OffsetY: 0\r\n    WebAutomation.Click.Click BrowserInstance: Browser Control: appmask['Web Page \\'h ... nt_results\\'']['Input checkbox \\'export_content[export_question_data]\\''] ClickType: WebAutomation.ClickType.LeftClick MouseClick: True WaitForPageToLoadTimeout: 60 MousePositionRelativeToElement: WebAutomation.RectangleEdgePoint.MiddleCenter OffsetX: 0 OffsetY: 0\r\n    WebAutomation.Click.Click BrowserInstance: Browser Control: appmask['Web Page \\'h ... nt_results\\'']['Input checkbox \\'export_content[export_submissions]\\''] ClickType: WebAutomation.ClickType.LeftClick MouseClick: True WaitForPageToLoadTimeout: 60 MousePositionRelativeToElement: WebAutomation.RectangleEdgePoint.MiddleCenter OffsetX: 0 OffsetY: 0\r\n    WebAutomation.Click.Click BrowserInstance: Browser Control: appmask['Web Page \\'h ... nt_results\\'']['Input submit \\'Export\\''] ClickType: WebAutomation.ClickType.LeftClick MouseClick: True WaitForPageToLoadTimeout: 60 MousePositionRelativeToElement: WebAutomation.RectangleEdgePoint.MiddleCenter OffsetX: 0 OffsetY: 0\r\n    WebAutomation.Click.Click BrowserInstance: Browser Control: appmask['Web Page \\'h ... nt_results\\'']['Anchor \\'Transfer History\\''] ClickType: WebAutomation.ClickType.LeftClick MouseClick: True WaitForPageToLoadTimeout: 60 MousePositionRelativeToElement: WebAutomation.RectangleEdgePoint.MiddleCenter OffsetX: 0 OffsetY: 0\r\n    # Start of autogenerated actions using the recorder\r\n    @@source: 'Recorder'\r\nWebAutomation.LaunchChrome.AttachToChromeByUrl TabUrl: 'https://app.schoology.com/settings/transfers' AttachTimeout: 10 BrowserInstance=&gt; Browser\r\n    @@source: 'Recorder'\r\nWebAutomation.Click.Click BrowserInstance: Browser Control: appmask['Web Page \\'https://app.schoology.com/settings/transfers\\'']['Span \\'Click to toggle options.\\''] ClickType: WebAutomation.ClickType.LeftClick MouseClick: True\r\n    @@source: 'Recorder'\r\nWebAutomation.Click.Click BrowserInstance: Browser Control: appmask['Web Page \\'https://app.schoology.com/settings/transfers\\'']['Anchor \\'Download\\''] ClickType: WebAutomation.ClickType.LeftClick MouseClick: True\r\n    # End of autogenerated actions using the recorder\r\nEND FUNCTION\r\n"</Definition>
      <SchemaVersion>2022.06</SchemaVersion>
      <PrimaryEntity>none</PrimaryEntity>
      <LocalizedNames>
        <LocalizedName languagecode="1033" description="to download results from schoology" />
      </LocalizedNames>
    </Workflow>
  </Workflows>
  <FieldSecurityProfiles></FieldSecurityProfiles>
  <Templates />
  <EntityMaps />
  <EntityRelationships />
  <OrganizationSettings />
  <optionsets />
  <CustomControls />
  <EntityDataProviders />
  <Languages>
    <Language>1033</Language>
  </Languages>
</ImportExportXml>